question,ground_truth,answer,contexts
What are the global implications of the USA Supreme Court ruling on abortion?,"The global implications of the USA Supreme Court ruling on abortion are significant. The ruling has led to limited or no access to abortion for one in three women and girls of reproductive age in states where abortion access is restricted. These states also have weaker maternal health support, higher maternal death rates, and higher child poverty rates. Additionally, the ruling has had an impact beyond national borders due to the USA's geopolitical and cultural influence globally. Organizations and activists worldwide are concerned that the ruling may inspire anti-abortion legislative and policy attacks in other countries. The ruling has also hindered progressive law reform and the implementation of abortion guidelines in certain African countries. Furthermore, the ruling has created a chilling effect in international policy spaces, empowering anti-abortion actors to undermine human rights protections."," Based on the provided context, the USA Supreme Court ruling on abortion has global implications in several ways. Some of these implications include:

1. Fear and concern among organizations and activists in other countries about the possibility of similar anti-abortion legislative and policy attacks.
2. Stalling of the adoption and enforcement of abortion guidelines in certain African countries.
3. A chilling effect in international policy spaces, emboldening anti-abortion state and non-state actors to undermine human rights protections.

Therefore, the ruling has the potential to impact maternal health and human rights globally by limiting access to safe abortion services and potentially rolling back progress made towards reproductive rights.","- In 2022, the USA Supreme Court handed down a decision ruling that overturned 50 years of jurisprudence recognizing a constitutional right to abortion.
- This decision has had a massive impact: one in three women and girls of reproductive age now live in states where abortion access is either totally or near-totally inaccessible.
- The states with the most restrictive abortion laws have the weakest maternal health support, higher maternal death rates, and higher child poverty rates.
- The USA Supreme Court ruling has also had impacts beyond national borders due to the geopolitical and cultural influence wielded by the USA globally and the aid it funds.
- SRR organizations and activists across the world have expressed fear about the ruling laying the groundwork for anti-abortion legislative and policy attacks in other countries.
- Advocates have also observed the ruling's impact on progressive law reform and the stalling of the adoption and enforcement of abortion guidelines in certain African countries.
- The ruling has created a chilling effect in international policy spaces, emboldening anti-abortion state and non-state actors to undermine human rights protections."
Which companies are the main contributors to GHG emissions and their role in global warming according to the Carbon Majors database?,"According to the Carbon Majors database, the main contributors to GHG emissions and their role in global warming are fossil fuel companies. These companies, both state-owned and private, have produced almost a trillion tons of GHG emissions in 150 years. The database shows that 100 existing fossil fuel companies, along with eight that no longer exist, are responsible for 71% of all GHG emissions since 1988. In the Americas, the private companies that have contributed the most emissions are ExxonMobil, Chevron, and Peabody, all from the United States. Among state-owned companies in the Americas, the largest emitter is Mexican company Pemex, followed by Venezuelan company Petróleos de Venezuela, S.A. It is important to note that while people with fewer resources, particularly from countries in the global South, do not significantly contribute to climate change, they are the ones most affected by its impacts. Approximately half of the global population lives in areas that are ""very vulnerable"" to climate change, and it is people with limited development opportunities who face the greatest risks. This unequal impact disproportionately affects the human rights of those with fewer resources and greater vulnerability in the context of climate change in the global South. Additionally, between 2010 and 2020, human mortality due to climate disasters was 15 times higher in vulnerable regions and populations."," According to the provided context from the Carbon Majors database, 100 existing and eight defunct fossil fuel companies have produced almost a trillion tons of greenhouse gas (GHG) emissions in 150 years, accounting for 71% of all GHG emissions since 1988. The companies responsible for the most emissions during this period in the Americas are ExxonMobil, Chevron, and Peabody from the private sector, while Mexican company Pemex and Venezuelan company Petróleos de Venezuela, S.A. are the largest emitters amongst state-owned companies in the region.","- Fossil fuel companies, whether state or private, play a key role in the emissions that drive global warming.
- According to the Carbon Majors database, 100 existing fossil fuel companies (and eight that no longer exist) have produced almost a trillion tons of GHG emissions in 150 years.
- These 100 companies are responsible for 71% of all GHG emissions since 1988.
- In the Americas, the private companies responsible for the most emissions during this period, according to the database, are from the United States: ExxonMobil, Chevron, and Peabody.
- The largest emitter amongst state-owned companies in the Americas is Mexican company Pemex, followed by Venezuelan company Petróleos de Venezuela, S.A.
- Despite the fact that people with fewer resources, in particular from countries in the global South, do not make significant contributions to climate change, it is these people who are most affected by it.
- Approximately half of the global population lives in areas that are ""very vulnerable"" to climate change, and it is people with considerable development constraints who are most exposed.
- This disproportionately affects the human rights of people with fewer resources and greater risk in the context of climate change in the global South.
- Between 2010 and 2020, human mortality due to climate disasters was 15 times higher in vulnerable regions and populations."
Which private companies in the Americas are the largest GHG emitters according to the Carbon Majors database?,"The largest private companies in the Americas that are the largest GHG emitters according to the Carbon Majors database are ExxonMobil, Chevron, and Peabody."," According to the provided context, ExxonMobil, Chevron, and Peabody are the largest GHG emitting private companies in the Americas based on the Carbon Majors database.","The private companies responsible for the most emissions during this period, according to the database, are from the United States: ExxonMobil, Chevron and Peabody.
The largest emitter amongst state-owned companies in the Americas is Mexican company Pemex, followed by Venezuelan company Petróleos de Venezuela, S.A."
What action did Amnesty International urge its supporters to take in response to the killing of the Ogoni 9?,Amnesty International urged its supporters to send appeals for the defenders' freedom to Nigerian authorities and later to send letters of outrage.," Based on the provided context, Amnesty International urged its supporters to deluge Nigerian authorities with appeals for the defenders' freedom, followed by letters of outrage.","Amnesty International called on its vast network of supporters to deluge Nigerian authorities first with appeals for the defenders’ freedom, and later with letters of outrage."
What are the recommendations made by Amnesty International to the Special Rapporteur on Human Rights Defenders?,"The recommendations made by Amnesty International to the Special Rapporteur on Human Rights Defenders include embedding a focus on child and young HRDs in future work, raising awareness about the differences and challenges they face, incorporating age disaggregated data in reports, and creating safe spaces for engagement."," Based on the provided context, Amnesty International recommends the following to the Special Rapporteur on Human Rights Defenders:
1. Embeds a focus on child and young human rights defenders (HRDs) in future work of the mandate.
2. Raises awareness about the differences between ""child"" and ""youth"" HRDs and their unique context, needs, barriers, and challenges.
3. Incorporates age-disaggregated data on the lived experiences of child and young HRDs in all future reports or interventions.
4. Creates online and face-to-face safe spaces for child and young HRDs and their child and youth-led organizations to engage with the Special Rapporteur and other human rights mechanisms.","Amnesty International recommends that the Special Rapporteur on the Situation of Human Rights Defenders embeds a focus on child and young HRDs in the future work of the mandate. 
Amnesty International recommends raising awareness about the differences between ""child"" and ""youth"" HRDs and the different context, needs, barriers, and challenges they face as defenders. 
Amnesty International recommends incorporating age disaggregated data on the lived experiences of child and young HRDs in all future reports or interventions by the Special Rapporteur. 
Amnesty International recommends creating online and face-to-face safe spaces for child and young HRDs and their child and youth-led organizations to actively engage with the Special and other human rights mechanisms."
Who are the target audience of the two books created by Amnesty International on child rights?,The target audience of the two books created by Amnesty International on child rights are children and young people., The target audience of the two books created by Amnesty International on child rights are children and young people.,"Amnesty International has therefore created two simple books on child rights and how to claim them for self and others: (1) ‘Know Your Rights and Claim Them: A Guide for Youth’, by Amnesty International, Angelina Jolie, Geraldine van Bueren (Andersen Press 2021); (2) ‘These Rights Are Your Rights: An empowering guide for children everywhere’, by Nicky Parker at Amnesty International (Andersen Press, 2024).
The objectives of the two books are to build children’s and young people’s understanding of their rights and give them the awareness and tools they need to take action."
"Which right guarantees access to comprehensive information about past human rights violations, including the identities of the perpetrators and the fate of the victims, as well as the circumstances surrounding the violations?","The right that guarantees access to comprehensive information about past human rights violations, including the identities of the perpetrators and the fate of the victims, as well as the circumstances surrounding the violations, is the right to know the truth."," The right to truth guarantees access to comprehensive information about past human rights violations, including the identities of the perpetrators and the fate of the victims, as well as the circumstances surrounding the violations. (Answer based on the provided context)","26. The Act raises serious questions about its compatibility with the right to truth.
27. At an individual level, victims and their families possess an inalienable and non-derogable right to know the truth regarding the circumstances and reasons behind human rights violations, including the identities of the perpetrators and, in cases of death or enforced disappearance, the fate of the victims.
In particular, the right to know the fate and whereabouts of ‘disappeared’ relatives has been confirmed in the jurisprudence of international and regional human rights bodies, as well as of national courts."
"Who has the right to be fully informed about human rights violations, including the identities of the perpetrators and the fate of the victims?","The victims of gross human rights violations and their families, as well as members of society generally, have the right to be fully informed about human rights violations, including the identities of the perpetrators and the fate of the victims."," The victims of human rights violations and their families have the right to be fully informed about the circumstances and reasons behind the violations, including the identities of the perpetrators and the fate of the victims.","- The victims of gross human rights violations and their families, as well as members of society generally, have the right to know the whole truth about past human rights violations.
- The right to truth is engaged by the violation of the rights to access to justice, remedy, and information.
- Victims and their families possess an inalienable and non-derogable right to know the truth regarding the circumstances and reasons behind human rights violations, including the identities of the perpetrators and the fate of the victims.
- The right to know the fate and whereabouts of 'disappeared' relatives has been confirmed in the jurisprudence of international and regional human rights bodies, as well as of national courts."
When can individuals be found guilty under Article 207.3 of the Russian Criminal Code?,Individuals can be found guilty under Article 207.3 of the Russian Criminal Code if their statements are contrary to the official position of the Russian authorities.," Individuals can be found guilty under Article 207.3 of the Russian Criminal Code when their statements are contrary to the official position of the Russian authorities and are considered ""false"" by the prosecution and courts.","- As long as their statements are contrary to the official position of the Russian authorities, they can be regarded by the prosecution and courts as ""false"" and individuals are found guilty under Article 207.3.
- Official information regarding Russia's full-scale invasion of Ukraine has been riddled with false and deliberately misleading messages and claims.
- Debunking such information and providing independent analysis of the situation has been expressly criminalized.
- Accordingly, Article 207.3 acts as a tool of wartime censorship.
- Prosecution for ""dissemination of knowingly false information"" under Article 207.3 contributes to impunity for violations of the laws and customs of war.
- The claim that Roman Ivanov's actions were ""in violation of constitutional order"" do not stand scrutiny either, as Article 207.3 of the Criminal Code is contrary to the provisions of the Russian Constitution itself.
- Article 2 of the Russian Constitution proclaims human rights and freedoms as the highest value and their defense as the duty of the state.
- Article 17 further declares that human rights and freedoms are guaranteed ""in accordance with the recognized principles and norms of international law and this Constitution.""
- Article 29 guarantees freedom of thought and speech, freedom to seek, receive, share, produce and disseminate information, and media freedom.
- At the same time, it prohibits censorship."
When does the prosecution consider statements contrary to the official position as 'false' under Article 207.3?,The prosecution considers statements contrary to the official position as 'false' under Article 207.3 when they are in opposition to the official position of the Russian authorities.," Based on the context provided, the prosecution considers statements contrary to the official position as 'false' under Article 207.3 when they go against the statements or messages of the Russian authorities regarding Russia's full-scale invasion of Ukraine.","- As long as their statements are contrary to the official position of the Russian authorities, they can be regarded by the prosecution and courts as “false” and individuals are found guilty under Article 207.3.
- Official information regarding Russia’s full-scale invasion of Ukraine has been riddled with false and deliberately misleading messages and claims.
- Debunking such information and providing independent analysis of the situation has been expressly criminalized.
- Accordingly, Article 207.3 acts as a tool of wartime censorship.
- Prosecution for ""dissemination of knowingly false information"" under Article 207.3 contributes to impunity for violations of the laws and customs of war.
- The claim that Roman Ivanov’s actions were ""in violation of constitutional order"" do not stand scrutiny either, as Article 207.3 of the Criminal Code is contrary to the provisions of the Russian Constitution itself.
- Article 2 of the Russian Constitution proclaims human rights and freedoms as the highest value and their defense as the duty of the state.
- Article 29 guarantees freedom of thought and speech, freedom to seek, receive, share, produce and disseminate information and media freedom.
- At the same time, it prohibits censorship."
What factors have contributed to the decline of independent civil society organizations in Nicaragua?,"The factors that have contributed to the decline of independent civil society organizations in Nicaragua include arrests and harassment of human rights defenders, restrictive NGO laws, violent repression of protests, closure of civil society organizations and community centers, expropriation of belongings and premises, criminalization of social organizing and mobilization, restrictions on freedom of expression, implementation of repressive laws, constant threats of arrest and detention, restrictions on social media, and the imposition of silence through violence and repression."," Based on the context provided, the following factors have contributed to the decline of independent civil society organizations in Nicaragua: arrests and harassment of human rights defenders, restrictive NGO laws, violent repression of protests, closure of civil society organizations and rural community centers, expropriation of belongings and premises, criminalization of social organizing and mobilization and freedom of expression, implementation of repressive laws that breach human rights, constant threats of arrest and detention for those who protest, and restrictions on social media.","- ""arrests and harassment of human rights defenders, restrictive NGO laws and violent repression of protests have been decimating independent civil society organizations for years.""
- ""The closure of civil society organizations and our rural community centers, which for more than 40 years have worked in defense of SRR and human rights in general.""
- ""The expropriation of their belongings and premises.""
- ""The criminalization of social organizing and mobilization and of freedom of expression.""
- ""The implementation of repressive laws that breach the human rights of the population to suit the wishes of the regime.""
- ""The constant threats of arrest and detention of those who protest and the restrictions on social media.""
- ""The silence imposed through violence and repression.""
- ""As a result, the activities of our feminist community organization are severely limited right now."""
What conditions designate wetlands as Ramsar sites?,"The conditions that designate wetlands as Ramsar sites are when they fulfill the criteria for identifying wetlands of international importance, as established under the Convention on Wetlands."," The conditions that designate wetlands as Ramsar sites are those that identify wetlands of international importance, as established under the Convention on Wetlands.","- ""Ramsar sites are designated when they fulfil the criteria for identifying wetlands of international importance.""
- ""These criteria were established under the Convention on Wetlands, an intergovernmental agreement containing a framework for the conservation and wise use of wetlands and their resources."""
Where was COP15 held in 2022?,"COP15 was held in Montreal, Canada in 2022."," Montreal, Canada. (Answer derived directly from the context.)","- These include the agreement known as 30x30, adopted at the UN Conference on Biological Diversity (COP15) held in Montreal, Canada, in late 2022.
- Unfortunately, at COP15, States failed to explicitly recognize Indigenous Peoples' lands and territories as a distinct category of protected area, and this threatens their rights."
What is the purpose of the agreement known as 30x30?,The purpose of the agreement known as 30x30 is to designate 30% of the world's land and sea masses as protected areas for biodiversity conservation by 2030.," The purpose of the agreement known as 30x30 is to designate 30% of the world's land and sea masses as protected areas for biodiversity conservation by 2030. However, it is important to note that the focus should not only be on the amount of area covered but also on how these areas are managed, who selects them, and what biodiversity they contain. Indigenous Peoples and local communities have a key role in protecting and restoring these ecosystems, and unfortunately, their lands and territories were not explicitly recognized as a distinct category of protected area at COP15, which threatens their rights.","- These include the agreement known as 30x30, adopted at the UN Conference on Biological Diversity (COP15) held in Montreal, Canada, in late 2022, which commits Parties to designate 30% of the world's land and sea masses as protected areas for biodiversity conservation by 2030.
- Protecting and restoring these ecosystems is one of the most efficient, equitable and cost-effective mechanisms to capture and store carbon without compromising human rights.
- However, the focus of the agreement should not be limited to the amount of area it covers, but rather to how it is managed, who selects the areas, and what biodiversity exists in them.
- Indigenous Peoples and local communities have a key role to play here.
- Unfortunately, at COP15, States failed to explicitly recognize Indigenous Peoples' lands and territories as a distinct category of protected area, and this threatens their rights."
Who failed to explicitly recognize Indigenous Peoples' lands and territories as a distinct category of protected area at COP15?,The States failed to explicitly recognize Indigenous Peoples' lands and territories as a distinct category of protected area at COP15., The States failed to explicitly recognize Indigenous Peoples' lands and territories as a distinct category of protected area at COP15.,"Unfortunately, at COP15, States failed to explicitly recognize Indigenous Peoples' lands and territories as a distinct category of protected area, and this threatens their rights."
What are the consequences of criminalizing abortion for marginalized individuals?,"The consequences of criminalizing abortion for marginalized individuals include increased stigma, lack of information, and disinformation. This can have severe and irreversible effects on these individuals. Girls and young women may be forced to carry pregnancies resulting from sexual violence due to a lack of knowledge about their rights. Marginalized individuals, such as those living in poverty, historically discriminated against, Indigenous and Afro-descendent women, migrants, and refugees, are disproportionately affected by abortion criminalization. The criminalization of abortion is a major factor contributing to the high number of unsafe abortions, which leads to increased maternal mortality and morbidity. Access to health services is undermined, resulting in preventable maternal deaths and complications. Marginalized individuals are forced to resort to unsafe clandestine abortion methods, putting their lives and health at risk. In Nigeria, restrictive abortion laws make it difficult to access safe abortion care."," The consequences of criminalizing abortion for marginalized individuals include being kept in the dark about their rights, being forced to bring to term pregnancies resulting from sexual violence, disproportionate impact on those living in poverty, historically discriminated against groups, Indigenous and Afro-descendent women, migrants, and refugees, increased rates of unsafe abortions leading to preventable maternal mortality and morbidity, and the use of clandestine abortion methods which place their life and health at risk. (Answer based on context provided)","- Abortion criminalization contributes to stigma around abortion and particularly on those who need, provide or assist with abortion services.
- Criminalization, lack of information, disinformation, and stigma have severe and irreversible effects, particularly on marginalized individuals.
- Girls and young women are kept in the dark about their rights and often forced to bring to term pregnancies resulting from sexual violence.
- Marginalized individuals, including those living in poverty, historically discriminated against, Indigenous and Afro-descendent women, migrants, and refugees, are disproportionately affected by abortion criminalization.
- Criminalization of abortion is the biggest contributing factor to the estimated 35 million unsafe abortions happening every year, increasing maternal mortality and morbidity.
- Criminalizing abortion undermines access to health services and leads to increased rates of preventable maternal mortality and morbidity.
- Abortion criminalization forces women, girls, and all pregnant individuals to attempt unsafe clandestine abortion methods, placing their life and health at risk.
- Abortion laws in Nigeria are restrictive, making abortion unsafe and difficult to access safe abortion care."
What responsibilities should social media companies have in relation to ensuring access to accurate sexual and reproductive health information?,Social media companies should have the responsibility to invest in human oversight of their content moderation systems to ensure equal access to accurate sexual and reproductive health information. They should also engage in human rights due diligence to address risks and abuses related to their business model.," Social media companies should ensure that users have equal access to accurate sexual and reproductive health-related information, regardless of language and political views. They should invest adequate resources in human oversight of artificial intelligence-driven content moderation systems to facilitate this. Additionally, they have a responsibility to engage in human rights due diligence to address any risks or abuses arising from their business model in relation to the access to such information.","Social media companies involved in facilitating and moderating online content need to invest adequate resources in human oversight of artificial intelligence-driven content moderation systems to ensure all users can equally exercise their rights online, regardless of language and political views and ensure that they can access accurate sexual and reproductive health-related information, including on the right to abortion. They should also uphold their human rights responsibilities by engaging in human rights due diligence, including to address risks and abuses arising from their business model."
"What role do social media companies play in protecting users' rights online, regardless of their language and political views?","Social media companies play a role in protecting users' rights online, regardless of their language and political views, by investing in human oversight of content moderation systems, engaging in human rights due diligence, and educating users about security and privacy features.", Social media companies have a role to invest adequate resources in human oversight of content moderation systems and uphold their human rights responsibilities by engaging in human rights due diligence. They should also undertake proactive measures in educating users and raising awareness about security and privacy features on their platforms to help create a safer and less toxic online experience for Women Human Rights Defenders (WHRDs) regardless of language and political views.,"Companies, including social media companies, have a responsibility to respect all human rights wherever they operate in the world.
Social media companies involved in facilitating and moderating online content need to invest adequate resources in human oversight of artificial intelligence-driven content moderation systems to ensure all users can equally exercise their rights online, regardless of language and political views.
They should uphold their human rights responsibilities by engaging in human rights due diligence, including to address risks and abuses arising from their business model.
They should undertake proactive measures in educating users and raising awareness about security and privacy features on their platforms that will help WHRDs create a safer and less toxic online experience."
What labor abuses were documented by Amnesty International in Qatar and how do they relate to the kafala system?,"Amnesty International documented labor abuses in Qatar, including workers being permitted only one day off each month, threats of salary cuts for taking more rest time, failure to provide pay slips, and overcrowded and dirty living conditions. These labor abuses relate to the kafala system because the kafala system imposes tight restrictions on migrant workers' freedom of movement and ability to change jobs without their employer's permission. This system allows abusive employers to control their workforce by canceling residence permits, falsely reporting employees as absconding, and using non-compete clauses to prevent workers from changing jobs."," Amnesty International documented several labor abuses related to one company providing guards to an international hotel chain in Doha. The workers were permitted only one day off each month, threatened with salary cuts if they took more rest time, not provided pay slips, and housed in dirty and overcrowded accommodation with six people per room in bunkbeds. These abuses can be linked to Qatar's kafala sponsorship system, as the company was able to rely on various tools to control their workforce, such as cancelling or refraining from renewing workers' residence permits, falsely reporting employees as having ""absconded,"" and requiring workers to secure release papers or resignation letters from their current employers to change jobs. These barriers maintain the status quo of a system that heavily restricts migrant workers' freedom of movement and ability to escape abuse.","During the tournament, Amnesty International documented how one company providing guards to an international hotel chain in Doha was permitting workers only one day off each month, threatening salary cuts if they took more rest time, failing to provide pay slips and housing them in dirty and overcrowded accommodation with six people per room in bunkbeds.
Until 2020, Qatar’s inherently abusive kafala sponsorship system imposed tight restrictions on migrant workers’ freedom of movement, prohibiting them from leaving the country or changing jobs without the permission of their employer.
Between 2018 and 2020, the government took important steps towards tackling two central pillars of this system by repealing for most migrant workers the requirement to obtain from their employer an 'exit permit’ to leave the country, and a ‘no-objection certificate’ (NOC) to change jobs.
Such reliance means abusive employers can – and still do – depend on an array of tools to control their workforce. This includes cancelling or refraining from renewing workers’ residence permits, or falsely reporting employees as having “absconded” from their job (when they could be trying to escape abuse) - all of which can lead to workers being arrested and deported.
Other barriers to workers changing jobs freely have emerged over the last few years, limiting the impact of the reforms and maintaining the status quo. These include the unwritten – but often spoken – need for workers to secure “release papers”, a resignation letter, or any equivalent of an NOC, from their current employers in order to successfully move jobs, and the malicious use by employers of the Labour Law’s non-compete clause to effectively ban workers from changing jobs under the guise that they are going to work for direct competitors."
When did the government of Qatar start repealing restrictions on migrant workers?,The government of Qatar started repealing restrictions on migrant workers between 2018 and 2020.," Between 2018 and 2020, the government of Qatar began repealing restrictions for most migrant workers by eliminating the requirement for an 'exit permit' to leave the country and a ‘no-objection certificate’ (NOC) to change jobs. (Answer based on context provided)","Between 2018 and 2020, the government took important steps towards tackling two central pillars of this system by repealing for most migrant workers the requirement to obtain from their employer an 'exit permit’ to leave the country, and a ‘no -objection certificate’ (NOC) to change jobs.
Other barriers to workers changing jobs freely have emerged over the last few years, limiting the impact of the reforms and maintaining the status quo.
These include the unwritten – but often spoken – need for workers to secure “release papers”, a resignation letter, or any equivalent of an NOC, from their current employers in order to successfully move jobs."
